"Brownish-Grey Pattern Wallpaper by IDIYA Ltd","
.

1. White/Grey Wallpaper Border by IDIYA Ltd
2. Brownish-Grey Paintable Wallpaper by IDIYA Ltd
3. Brownish-Grey Textured Wallpaper by IDIYA Ltd
4. Brownish-Grey Wallpaper Trim by IDIYA Ltd
5. Brownish-Grey Wallpaper Mural by IDIYA Ltd
6. Brownish-Grey Wallpaper Strips by IDIYA Ltd
7. Brownish-Grey Wallpaper Roll by IDIYA Ltd
8. Brownish-Grey Wallpaper Samples by IDIYA Ltd
9. Brownish-Grey Wallpaper Borders by IDIYA Ltd
10. Brownish-Grey Wallpaper Adhesive by IDIYA Ltd
11. Brownish-Grey Wallpaper Paste by IDIYA Ltd
12. Brownish-Grey Wallpaper Primer by IDIYA Ltd
13. Brownish-Grey Wallpaper Stripper by IDIYA Ltd
14. Brownish-Grey Wallpaper Remover by IDIYA Ltd
15. Brownish-Grey Wallpaper Sealer by IDIYA Ltd
16. Brownish-Grey Wallpaper Cleaner by IDIYA Ltd
17. Brownish-Grey Wallpaper Stripping Solution by IDIYA Ltd
18. Brownish-Grey Wallpaper Repair Kit by IDIYA Ltd
19. Brownish-Grey Wallpaper Patch by IDIYA Ltd
20. Brownish-Grey Wallpaper Removal Tool by IDIYA Ltd"
"rownish-Grey Pattern Wallpaper by IDIYA Ltd","
.

1. Paintable Wallpaper
2. Wallpaper Borders
3. Wallpaper Murals
4. Wallpaper Primer
5. Wallpaper Paste
6. Wallpaper Stripper
7. Wallpaper Seam Roller
8. Wallpaper Steamer
9. Wallpaper Scissors
10. Wallpaper Smoother
11. Wallpaper Brush
12. Wallpaper Smoother
13. Wallpaper Seam Tape
14. Wallpaper Shears
15. Wallpaper Seam Roller
16. Wallpaper Adhesive
17. Wallpaper Removal Tool
18. Wallpaper Knife
19. Wallpaper Glue
20. Wallpaper Remover Spray"
"rownish-Grey Pattern Wallpaper by IDIYA Ltd","
.

1. Paint: Rownish Grey Paint from IDIYA Ltd 
2. Primer: Rownish Grey Primer from IDIYA Ltd 
3. Border Trim: Rownish Grey Border Trim by IDIYA Ltd 
4. Molding: Rownish Grey Molding from IDIYA Ltd 
5. Tile Strips: Rownish Grey Tile Strips by IDIYA Ltd 
6. Wallpaper Adhesive: Rownish Grey Wallpaper Adhesive from IDIYA Ltd 
7. Wallpaper Paste: Rownish Grey Wallpaper Paste from IDIYA Ltd 
8. Wallpaper Murals: Rownish Grey Wallpaper Murals from IDIYA Ltd 
9. Wallpaper Seam Roller: Rownish Grey Wallpaper Seam Roller from IDIYA Ltd
10. Patching Kit: Rownish Grey Patching Kit from IDIYA Ltd 
11. Wallpaper Striper: Rownish Grey Wallpaper Striper from IDIYA Ltd 
12. Wallpaper Brush: Rownish Grey Wallpaper Brush from IDIYA Ltd 
13. Wallpaper Smoother: Rownish Grey Wallpaper Smoother from IDIYA Ltd 
14. Wallpaper Scissors: Rownish Grey Wallpaper Scissors from IDIYA Ltd 
15. Wallpaper Tool: Rownish Grey Wallpaper Tool from IDIYA Ltd 
16. Wallpaper Remover: Rownish Grey Wallpaper Remover from IDIYA Ltd 
17. Wallpaper Stripper: Rownish Grey Wallpaper Stripper from IDIYA Ltd 
18. Wallpaper Seam Compound: Rownish Grey Wallpaper Seam Compound from IDIYA Ltd 
19. Paperhanger's Brush: Rownish Grey Paperhanger's Brush from IDIYA Ltd 
20. Wallpaper Gluer: Rownish Grey Wallpaper Gluer from IDIYA Ltd"
"rownish-Grey Pattern Wallpaper by IDIYA Ltd","Recommended Products:
1. IDIYA Ltd Black and White Checkered Wallpaper
2. IDIYA Ltd Silver Glitter Wallpaper
3. IDIYA Ltd Ombre Wallpaper
4. IDIYA Ltd Textured Vinyl Wallpaper
5. IDIYA Ltd Metallic Grey Wallpaper
6. IDIYA Ltd Soft Grey Wallpaper
7. IDIYA Ltd Marvel Print Wallpaper
8. IDIYA Ltd Galleria Wallpaper
9. IDIYA Ltd Cozy Neutral Wallpaper
10. IDIYA Ltd Daisy Pattern Wallpaper
11. IDIYA Ltd Grey Stripes Wallpaper
12. IDIYA Ltd Diamante Wallpaper
13. IDIYA Ltd Colourful Stripe Wallpaper
14. IDIYA Ltd Trekker Wallpaper
15. IDIYA Ltd Lotus Wallpaper
16. IDIYA Ltd Geometric Wallpaper
17. IDIYA Ltd Stripy Wallpaper
18. IDIYA Ltd Glitzy Ombre Wallpaper
19. IDIYA Ltd Floral Print Wallpaper
20. IDIYA Ltd Woodgrain Wallpaper"
"rownish-Grey Pattern Wallpaper by IDIYA Ltd","



1. IDIYA Ltd Riva Wallpaper - Silver/Grey
2. IDIYA Ltd Roanne Wallpaper - Blue/Silver
3. IDIYA Ltd Bolero Wallpaper - Brown/Cream
4. Brewster Broadmoor Wallpaper - Brown/Beige
5. York Soothing Shimmer Wallpaper - Grey/Beige
6. Erismann Graceful Damask Striped Wallpaper - Grey/White
7. Graham & Brown Natural Shimmer Wallpaper - Cream/Beige
8. Graham & Brown Cafe Wallpaper - Brown/Grey
9. IDIYA Ltd Reims Wallpaper - Grey/Silver
10. Brewster Tropicana Wallpaper - Brown/Beige
11. Graham & Brown Swirl Wave Wallpaper - Brown/Beige
12. Arthouse Opera Plain Wallpaper - Grey/Silver
13. Fine Decor Legacy Damask Wallpaper - Grey/White
14. Fine Decor Lucky Charms Wallpaper - Grey/Beige
15. Graham & Brown Odyssey Geo Wallpaper - Brown/White
16. Arthouse Tango Stripe V Wallpaper - Grey/Silver
17. Erismann Shimmer Wallpaper - Silver/Beige/White
18. York Amore – Silver Shimmer Wallpaper – Grey/Silver
19. Arthouse Aragon Wallpaper - Grey/White
20. York Traditions – Floral Trail – Cream/Grey/Silver"
"rownish-Grey Pattern Wallpaper by IDIYA Ltd","

Popular/Relevant Products to Pair with Rownish-Grey Pattern Wallpaper by IDIYA Ltd:

1. Gold Wallpaper Border by IDIYA Ltd
2. Brown Curtain Rods by IDIYA Ltd 
3. White Armchairs with Upholstery Trim by IDIYA Ltd 
4. Textured Carpet Padding by IDIYA Ltd 
5. Area Rug with Geometric Design by IDIYA Ltd
6. Brown Wood Picture Frame by IDIYA Ltd 
7. Grey Stained Wood Side Table by IDIYA Ltd 
8. Tiled Wall Mirror by IDIYA Ltd 
9. Extra-Wide Drapes in Denim by IDIYA Ltd  
10. LED Spotlights in Sleek Chrome by IDIYA Ltd 
11. Table Lamp with Glass Shade by IDIYA Ltd 
12. Throw Pillows with Embroidered Accents by IDIYA Ltd 
13. Window Valance in Floral Pattern by IDIYA Ltd 
14. Silver Wall Mounted Wall Organizers by IDIYA Ltd
15. Grey Suede Couch by IDIYA Ltd 
16. Gold Leaf End Table by IDIYA Ltd 
17. Black Iron Coffee Table by IDIYA Ltd 
18. Dark Brown Wood Flooring by IDIYA Ltd 
19. Cobalt Blue Nightstand by IDIYA Ltd 
20. Printed Wall Art by IDIYA Ltd"
